{
    "jacobi_decoding_chances": 43,
    "naive_tokens": 70,
    "naive_time": 1.648205041885376,
    "jacobi_tokens": 71,
    "jacobi_time": 1.3982210159301758,
    "jacobi_ar_tokens": 70,
    "jacobi_ar_time": 2.0615711212158203,
    "acceptance_rate": {
        "0": {
            "accept_rate": 0.27906976744186046,
            "0": 0.4166666666666667,
            "2": 0.08333333333333333
        },
        "1": {
            "accept_rate": 0.06976744186046512,
            "0": 0.3333333333333333,
            "2": 0.6666666666666666
        },
        "2": {
            "accept_rate": 0.06976744186046512
        }
    }
}