{
    "jacobi_decoding_chances": 1099,
    "naive_tokens": 2692,
    "naive_time": 41.64487409591675,
    "jacobi_tokens": 2709,
    "jacobi_time": 21.854324340820312,
    "jacobi_ar_tokens": 2701,
    "jacobi_ar_time": 51.1598801612854,
    "acceptance_rate": {
        "0": {
            "accept_rate": 0.6824385805277525,
            "0": 0.6653333333333333,
            "2": 0.044,
            "1": 0.104
        },
        "1": {
            "accept_rate": 0.09736123748862602,
            "0": 0.2523364485981308,
            "1": 0.08411214953271028,
            "2": 0.102803738317757
        },
        "2": {
            "accept_rate": 0.047315741583257506,
            "0": 0.19230769230769232,
            "2": 0.038461538461538464,
            "1": 0.1346153846153846
        }
    }
}