{
    "jacobi_decoding_chances": 93,
    "naive_tokens": 199,
    "naive_time": 3.5260112285614014,
    "jacobi_tokens": 209,
    "jacobi_time": 1.9507055282592773,
    "jacobi_ar_tokens": 208,
    "jacobi_ar_time": 4.1660377979278564,
    "acceptance_rate": {
        "0": {
            "accept_rate": 0.5806451612903226,
            "0": 0.7592592592592593,
            "2": 0.037037037037037035,
            "1": 0.05555555555555555
        },
        "1": {
            "accept_rate": 0.08602150537634409,
            "1": 0.125,
            "0": 0.125,
            "2": 0.25
        },
        "2": {
            "accept_rate": 0.021505376344086023
        }
    }
}